﻿{
    "name": "Introduction to Microsoft Power BI by Daniil Maslyuk",
    "textClasses": {
        "label": {
            "fontSize": 12
        }
    },
    "dataColors": [
        "#5DA5DA",
        "#FAA43A",
        "#60BD68",
        "#F17CB0",
        "#B2912F",
        "#B276B2",
        "#DECF3F",
        "#F15854"
    ],
    "visualStyles": {
        "*": {
            "*": {
                "background": [
                    {
                        "transparency": 100
                    }
                ]
            }
        },
        "page": {
            "*": {
                "background": [
                    {
                        "color": {
                            "solid": {
                                "color": "#FFFFFF"
                            }
                        },
                        "transparency": 100
                    }
                ]
            }
        }
    }
}